"0","df$`CIL omezujete spotřebu tuku`
"
"1","   [1]"
"1"," NA"
"1"," NA"
"1"," NA"
"1"," NA"
"1"," NA"
"1"," NA"
"1"," NA"
"1"," NA"
"1"," NA"
"1"," NA"
"1"," NA"
"1"," NA"
"1"," NA"
"1"," NA"
"1"," NA"
"1"," NA"
"1"," NA"
"1"," NA"
"1"," NA"
"1"," NA"
"1"," NA"
"1"," NA"
"1"," NA"
"1"," NA"
"1"," NA"
"1"," NA"
"1"," NA"
"1"," NA"
"1"," NA"
"1"," NA"
"1"," NA"
"1"," NA"
"1"," NA"
"1"," NA"
"1","
"
"1","  [35]"
"1"," NA"
"1"," NA"
"1"," NA"
"1"," NA"
"1"," NA"
"1"," NA"
"1"," NA"
"1"," NA"
"1"," NA"
"1"," NA"
"1"," NA"
"1"," NA"
"1"," NA"
"1"," NA"
"1"," NA"
"1"," NA"
"1"," NA"
"1"," NA"
"1"," NA"
"1"," NA"
"1"," NA"
"1"," NA"
"1"," NA"
"1"," NA"
"1"," NA"
"1"," NA"
"1"," NA"
"1"," NA"
"1"," NA"
"1"," NA"
"1"," NA"
"1"," NA"
"1"," NA"
"1"," NA"
"1","
"
"1","  [69]"
"1"," NA"
"1"," NA"
"1"," NA"
"1"," NA"
"1"," NA"
"1"," NA"
"1"," NA"
"1"," NA"
"1"," NA"
"1"," NA"
"1"," NA"
"1"," NA"
"1"," NA"
"1"," NA"
"1"," NA"
"1"," NA"
"1"," NA"
"1"," NA"
"1"," NA"
"1"," NA"
"1"," NA"
"1"," NA"
"1"," NA"
"1"," NA"
"1"," NA"
"1"," NA"
"1"," NA"
"1"," NA"
"1"," NA"
"1"," NA"
"1"," NA"
"1"," NA"
"1"," NA"
"1"," NA"
"1","
"
"1"," [103]"
"1"," NA"
"1"," NA"
"1"," NA"
"1"," NA"
"1"," NA"
"1"," NA"
"1"," NA"
"1"," NA"
"1"," NA"
"1"," NA"
"1"," NA"
"1"," NA"
"1"," NA"
"1"," NA"
"1"," NA"
"1"," NA"
"1"," NA"
"1"," NA"
"1"," NA"
"1"," NA"
"1"," NA"
"1"," NA"
"1"," NA"
"1"," NA"
"1"," NA"
"1"," NA"
"1"," NA"
"1"," NA"
"1"," NA"
"1"," NA"
"1"," NA"
"1"," NA"
"1"," NA"
"1"," NA"
"1","
"
"1"," [137]"
"1"," NA"
"1"," NA"
"1"," NA"
"1"," NA"
"1"," NA"
"1"," NA"
"1"," NA"
"1"," NA"
"1"," NA"
"1"," NA"
"1"," NA"
"1"," NA"
"1"," NA"
"1"," NA"
"1"," NA"
"1"," NA"
"1"," NA"
"1"," NA"
"1"," NA"
"1"," NA"
"1"," NA"
"1"," NA"
"1"," NA"
"1"," NA"
"1"," NA"
"1"," NA"
"1"," NA"
"1"," NA"
"1"," NA"
"1"," NA"
"1"," NA"
"1"," NA"
"1"," NA"
"1"," NA"
"1","
"
"1"," [171]"
"1"," NA"
"1"," NA"
"1"," NA"
"1"," NA"
"1"," NA"
"1"," NA"
"1"," NA"
"1"," NA"
"1"," NA"
"1"," NA"
"1"," NA"
"1"," NA"
"1"," NA"
"1"," NA"
"1"," NA"
"1"," NA"
"1"," NA"
"1"," NA"
"1"," NA"
"1"," NA"
"1"," NA"
"1"," NA"
"1"," NA"
"1"," NA"
"1"," NA"
"1"," NA"
"1"," NA"
"1"," NA"
"1"," NA"
"1"," NA"
"1"," NA"
"1"," NA"
"1"," NA"
"1"," NA"
"1","
"
"1"," [205]"
"1"," NA"
"1"," NA"
"1"," NA"
"1"," NA"
"1"," NA"
"1"," NA"
"1"," NA"
"1"," NA"
"1"," NA"
"1"," NA"
"1"," NA"
"1"," NA"
"1"," NA"
"1"," NA"
"1"," NA"
"1"," NA"
"1"," NA"
"1"," NA"
"1"," NA"
"1"," NA"
"1"," NA"
"1"," NA"
"1"," NA"
"1"," NA"
"1"," NA"
"1"," NA"
"1"," NA"
"1"," NA"
"1"," NA"
"1"," NA"
"1"," NA"
"1"," NA"
"1"," NA"
"1"," NA"
"1","
"
"1"," [239]"
"1"," NA"
"1"," NA"
"1"," NA"
"1"," NA"
"1"," NA"
"1"," NA"
"1"," NA"
"1"," NA"
"1"," NA"
"1"," NA"
"1"," NA"
"1"," NA"
"1"," NA"
"1"," NA"
"1"," NA"
"1"," NA"
"1"," NA"
"1"," NA"
"1"," NA"
"1"," NA"
"1"," NA"
"1"," NA"
"1"," NA"
"1"," NA"
"1"," NA"
"1"," NA"
"1"," NA"
"1"," NA"
"1"," NA"
"1"," NA"
"1"," NA"
"1"," NA"
"1"," NA"
"1"," NA"
"1","
"
"1"," [273]"
"1"," NA"
"1"," NA"
"1"," NA"
"1"," NA"
"1"," NA"
"1"," NA"
"1"," NA"
"1"," NA"
"1"," NA"
"1"," NA"
"1"," NA"
"1"," NA"
"1"," NA"
"1"," NA"
"1"," NA"
"1"," NA"
"1"," NA"
"1"," NA"
"1"," NA"
"1"," NA"
"1"," NA"
"1"," NA"
"1"," NA"
"1"," NA"
"1"," NA"
"1"," NA"
"1"," NA"
"1"," NA"
"1"," NA"
"1"," NA"
"1"," NA"
"1"," NA"
"1"," NA"
"1"," NA"
"1","
"
"1"," [307]"
"1"," NA"
"1"," NA"
"1"," NA"
"1"," NA"
"1"," NA"
"1"," NA"
"1"," NA"
"1"," NA"
"1"," NA"
"1"," NA"
"1"," NA"
"1"," NA"
"1"," NA"
"1"," NA"
"1"," NA"
"1"," NA"
"1"," NA"
"1"," NA"
"1"," NA"
"1"," NA"
"1"," NA"
"1"," NA"
"1"," NA"
"1"," NA"
"1"," NA"
"1"," NA"
"1"," NA"
"1"," NA"
"1"," NA"
"1"," NA"
"1"," NA"
"1"," NA"
"1"," NA"
"1"," NA"
"1","
"
"1"," [341]"
"1"," NA"
"1"," NA"
"1"," NA"
"1"," NA"
"1"," NA"
"1"," NA"
"1"," NA"
"1"," NA"
"1"," NA"
"1"," NA"
"1"," NA"
"1"," NA"
"1"," NA"
"1"," NA"
"1"," NA"
"1"," NA"
"1"," NA"
"1"," NA"
"1"," NA"
"1"," NA"
"1"," NA"
"1"," NA"
"1"," NA"
"1"," NA"
"1"," NA"
"1"," NA"
"1"," NA"
"1"," NA"
"1"," NA"
"1"," NA"
"1"," NA"
"1"," NA"
"1"," NA"
"1"," NA"
"1","
"
"1"," [375]"
"1"," NA"
"1"," NA"
"1"," NA"
"1"," NA"
"1"," NA"
"1"," NA"
"1"," NA"
"1"," NA"
"1"," NA"
"1"," NA"
"1"," NA"
"1"," NA"
"1"," NA"
"1"," NA"
"1"," NA"
"1"," NA"
"1"," NA"
"1"," NA"
"1"," NA"
"1"," NA"
"1"," NA"
"1"," NA"
"1"," NA"
"1"," NA"
"1"," NA"
"1"," NA"
"1"," NA"
"1"," NA"
"1"," NA"
"1"," NA"
"1"," NA"
"1"," NA"
"1"," NA"
"1"," NA"
"1","
"
"1"," [409]"
"1"," NA"
"1"," NA"
"1"," NA"
"1"," NA"
"1"," NA"
"1"," NA"
"1"," NA"
"1"," NA"
"1"," NA"
"1"," NA"
"1"," NA"
"1"," NA"
"1"," NA"
"1"," NA"
"1"," NA"
"1"," NA"
"1"," NA"
"1"," NA"
"1"," NA"
"1"," NA"
"1"," NA"
"1"," NA"
"1"," NA"
"1"," NA"
"1"," NA"
"1"," NA"
"1"," NA"
"1"," NA"
"1"," NA"
"1"," NA"
"1"," NA"
"1"," NA"
"1"," NA"
"1"," NA"
"1","
"
"1"," [443]"
"1"," NA"
"1"," NA"
"1"," NA"
"1"," NA"
"1"," NA"
"1"," NA"
"1"," NA"
"1"," NA"
"1"," NA"
"1"," NA"
"1"," NA"
"1"," NA"
"1"," NA"
"1"," NA"
"1"," NA"
"1"," NA"
"1"," NA"
"1"," NA"
"1"," NA"
"1"," NA"
"1"," NA"
"1"," NA"
"1"," NA"
"1"," NA"
"1"," NA"
"1"," NA"
"1"," NA"
"1"," NA"
"1"," NA"
"1"," NA"
"1"," NA"
"1"," NA"
"1"," NA"
"1"," NA"
"1","
"
"1"," [477]"
"1"," NA"
"1"," NA"
"1"," NA"
"1"," NA"
"1"," NA"
"1"," NA"
"1"," NA"
"1"," NA"
"1"," NA"
"1"," NA"
"1"," NA"
"1"," NA"
"1"," NA"
"1"," NA"
"1"," NA"
"1"," NA"
"1"," NA"
"1"," NA"
"1"," NA"
"1"," NA"
"1"," NA"
"1"," NA"
"1"," NA"
"1"," NA"
"1"," NA"
"1"," NA"
"1"," NA"
"1"," NA"
"1"," NA"
"1"," NA"
"1"," NA"
"1"," NA"
"1"," NA"
"1"," NA"
"1","
"
"1"," [511]"
"1"," NA"
"1"," NA"
"1"," NA"
"1"," NA"
"1"," NA"
"1"," NA"
"1"," NA"
"1"," NA"
"1"," NA"
"1"," NA"
"1"," NA"
"1"," NA"
"1"," NA"
"1"," NA"
"1"," NA"
"1"," NA"
"1"," NA"
"1"," NA"
"1"," NA"
"1"," NA"
"1"," NA"
"1"," NA"
"1"," NA"
"1"," NA"
"1"," NA"
"1"," NA"
"1"," NA"
"1"," NA"
"1"," NA"
"1"," NA"
"1"," NA"
"1"," NA"
"1"," NA"
"1"," NA"
"1","
"
"1"," [545]"
"1"," NA"
"1"," NA"
"1"," NA"
"1"," NA"
"1"," NA"
"1"," NA"
"1"," NA"
"1"," NA"
"1"," NA"
"1"," NA"
"1"," NA"
"1"," NA"
"1"," NA"
"1"," NA"
"1"," NA"
"1"," NA"
"1"," NA"
"1"," NA"
"1"," NA"
"1"," NA"
"1"," NA"
"1"," NA"
"1"," NA"
"1"," NA"
"1"," NA"
"1"," NA"
"1"," NA"
"1"," NA"
"1"," NA"
"1"," NA"
"1"," NA"
"1"," NA"
"1"," NA"
"1"," NA"
"1","
"
"1"," [579]"
"1"," NA"
"1"," NA"
"1"," NA"
"1"," NA"
"1"," NA"
"1"," NA"
"1"," NA"
"1"," NA"
"1"," NA"
"1"," NA"
"1"," NA"
"1"," NA"
"1"," NA"
"1"," NA"
"1"," NA"
"1"," NA"
"1"," NA"
"1"," NA"
"1"," NA"
"1"," NA"
"1"," NA"
"1"," NA"
"1"," NA"
"1"," NA"
"1"," NA"
"1"," NA"
"1"," NA"
"1"," NA"
"1"," NA"
"1"," NA"
"1"," NA"
"1"," NA"
"1"," NA"
"1"," NA"
"1","
"
"1"," [613]"
"1"," NA"
"1"," NA"
"1"," NA"
"1"," NA"
"1"," NA"
"1"," NA"
"1"," NA"
"1"," NA"
"1"," NA"
"1"," NA"
"1"," NA"
"1"," NA"
"1"," NA"
"1"," NA"
"1"," NA"
"1"," NA"
"1"," NA"
"1"," NA"
"1"," NA"
"1"," NA"
"1"," NA"
"1"," NA"
"1"," NA"
"1"," NA"
"1"," NA"
"1"," NA"
"1"," NA"
"1"," NA"
"1"," NA"
"1"," NA"
"1"," NA"
"1"," NA"
"1"," NA"
"1"," NA"
"1","
"
"1"," [647]"
"1"," NA"
"1"," NA"
"1"," NA"
"1"," NA"
"1"," NA"
"1"," NA"
"1"," NA"
"1"," NA"
"1"," NA"
"1"," NA"
"1"," NA"
"1"," NA"
"1"," NA"
"1"," NA"
"1"," NA"
"1"," NA"
"1"," NA"
"1"," NA"
"1"," NA"
"1"," NA"
"1"," NA"
"1"," NA"
"1"," NA"
"1"," NA"
"1"," NA"
"1"," NA"
"1"," NA"
"1"," NA"
"1"," NA"
"1"," NA"
"1"," NA"
"1"," NA"
"1"," NA"
"1"," NA"
"1","
"
"1"," [681]"
"1"," NA"
"1"," NA"
"1"," NA"
"1"," NA"
"1"," NA"
"1"," NA"
"1"," NA"
"1"," NA"
"1"," NA"
"1"," NA"
"1"," NA"
"1"," NA"
"1"," NA"
"1"," NA"
"1"," NA"
"1"," NA"
"1"," NA"
"1"," NA"
"1"," NA"
"1"," NA"
"1"," NA"
"1"," NA"
"1"," NA"
"1"," NA"
"1"," NA"
"1"," NA"
"1"," NA"
"1"," NA"
"1"," NA"
"1"," NA"
"1"," NA"
"1"," NA"
"1"," NA"
"1"," NA"
"1","
"
"1"," [715]"
"1"," NA"
"1"," NA"
"1"," NA"
"1"," NA"
"1"," NA"
"1"," NA"
"1"," NA"
"1"," NA"
"1"," NA"
"1"," NA"
"1"," NA"
"1"," NA"
"1"," NA"
"1"," NA"
"1"," NA"
"1"," NA"
"1"," NA"
"1"," NA"
"1"," NA"
"1"," NA"
"1"," NA"
"1"," NA"
"1"," NA"
"1"," NA"
"1"," NA"
"1"," NA"
"1"," NA"
"1"," NA"
"1"," NA"
"1"," NA"
"1"," NA"
"1"," NA"
"1"," NA"
"1"," NA"
"1","
"
"1"," [749]"
"1"," NA"
"1"," NA"
"1"," NA"
"1"," NA"
"1"," NA"
"1"," NA"
"1"," NA"
"1"," NA"
"1"," NA"
"1"," NA"
"1"," NA"
"1"," NA"
"1"," NA"
"1"," NA"
"1"," NA"
"1"," NA"
"1"," NA"
"1"," NA"
"1"," NA"
"1"," NA"
"1"," NA"
"1"," NA"
"1"," NA"
"1"," NA"
"1"," NA"
"1"," NA"
"1"," NA"
"1"," NA"
"1"," NA"
"1"," NA"
"1"," NA"
"1"," NA"
"1"," NA"
"1"," NA"
"1","
"
"1"," [783]"
"1"," NA"
"1"," NA"
"1"," NA"
"1"," NA"
"1"," NA"
"1"," NA"
"1"," NA"
"1"," NA"
"1"," NA"
"1"," NA"
"1"," NA"
"1"," NA"
"1"," NA"
"1"," NA"
"1"," NA"
"1"," NA"
"1"," NA"
"1"," NA"
"1"," NA"
"1"," NA"
"1"," NA"
"1"," NA"
"1"," NA"
"1"," NA"
"1"," NA"
"1"," NA"
"1"," NA"
"1"," NA"
"1"," NA"
"1"," NA"
"1"," NA"
"1"," NA"
"1"," NA"
"1"," NA"
"1","
"
"1"," [817]"
"1"," NA"
"1"," NA"
"1"," NA"
"1"," NA"
"1"," NA"
"1"," NA"
"1"," NA"
"1"," NA"
"1"," NA"
"1"," NA"
"1"," NA"
"1"," NA"
"1"," NA"
"1"," NA"
"1"," NA"
"1"," NA"
"1"," NA"
"1"," NA"
"1"," NA"
"1"," NA"
"1"," NA"
"1"," NA"
"1"," NA"
"1"," NA"
"1"," NA"
"1"," NA"
"1"," NA"
"1"," NA"
"1"," NA"
"1"," NA"
"1"," NA"
"1"," NA"
"1"," NA"
"1"," NA"
"1","
"
"1"," [851]"
"1"," NA"
"1"," NA"
"1"," NA"
"1"," NA"
"1"," NA"
"1"," NA"
"1"," NA"
"1"," NA"
"1"," NA"
"1"," NA"
"1"," NA"
"1"," NA"
"1"," NA"
"1"," NA"
"1"," NA"
"1"," NA"
"1"," NA"
"1"," NA"
"1"," NA"
"1"," NA"
"1"," NA"
"1"," NA"
"1"," NA"
"1"," NA"
"1"," NA"
"1"," NA"
"1"," NA"
"1"," NA"
"1"," NA"
"1"," NA"
"1"," NA"
"1"," NA"
"1"," NA"
"1"," NA"
"1","
"
"1"," [885]"
"1"," NA"
"1"," NA"
"1"," NA"
"1"," NA"
"1"," NA"
"1"," NA"
"1"," NA"
"1"," NA"
"1"," NA"
"1"," NA"
"1"," NA"
"1"," NA"
"1"," NA"
"1"," NA"
"1"," NA"
"1"," NA"
"1"," NA"
"1"," NA"
"1"," NA"
"1"," NA"
"1"," NA"
"1"," NA"
"1"," NA"
"1"," NA"
"1"," NA"
"1"," NA"
"1"," NA"
"1"," NA"
"1"," NA"
"1"," NA"
"1"," NA"
"1"," NA"
"1"," NA"
"1"," NA"
"1","
"
"1"," [919]"
"1"," NA"
"1"," NA"
"1"," NA"
"1"," NA"
"1"," NA"
"1"," NA"
"1"," NA"
"1"," NA"
"1"," NA"
"1"," NA"
"1"," NA"
"1"," NA"
"1"," NA"
"1"," NA"
"1"," NA"
"1"," NA"
"1"," NA"
"1"," NA"
"1"," NA"
"1"," NA"
"1"," NA"
"1"," NA"
"1"," NA"
"1"," NA"
"1"," NA"
"1"," NA"
"1"," NA"
"1"," NA"
"1"," NA"
"1"," NA"
"1"," NA"
"1"," NA"
"1"," NA"
"1"," NA"
"1","
"
"1"," [953]"
"1"," NA"
"1"," NA"
"1"," NA"
"1"," NA"
"1"," NA"
"1"," NA"
"1"," NA"
"1"," NA"
"1"," NA"
"1"," NA"
"1"," NA"
"1"," NA"
"1"," NA"
"1"," NA"
"1"," NA"
"1"," NA"
"1"," NA"
"1"," NA"
"1"," NA"
"1"," NA"
"1"," NA"
"1"," NA"
"1"," NA"
"1"," NA"
"1"," NA"
"1"," NA"
"1"," NA"
"1"," NA"
"1"," NA"
"1"," NA"
"1"," NA"
"1"," NA"
"1"," NA"
"1"," NA"
"1","
"
"1"," [987]"
"1"," NA"
"1"," NA"
"1"," NA"
"1"," NA"
"1"," NA"
"1"," NA"
"1"," NA"
"1"," NA"
"1"," NA"
"1"," NA"
"1"," NA"
"1"," NA"
"1"," NA"
"1"," NA"
"1","
"
"1"," [ reached getOption(""max.print"") -- omitted 1859 entries ]
"
"0","df$`CIL omezujete spotřebu tuku`"
"1","   [1]"
"1"," NA"
"1"," NA"
"1"," NA"
"1"," NA"
"1"," NA"
"1"," NA"
"1"," NA"
"1"," NA"
"1"," NA"
"1"," NA"
"1"," NA"
"1"," NA"
"1"," NA"
"1"," NA"
"1"," NA"
"1"," NA"
"1"," NA"
"1"," NA"
"1"," NA"
"1"," NA"
"1"," NA"
"1"," NA"
"1"," NA"
"1"," NA"
"1"," NA"
"1"," NA"
"1"," NA"
"1"," NA"
"1"," NA"
"1"," NA"
"1"," NA"
"1"," NA"
"1"," NA"
"1"," NA"
"1","
"
"1","  [35]"
"1"," NA"
"1"," NA"
"1"," NA"
"1"," NA"
"1"," NA"
"1"," NA"
"1"," NA"
"1"," NA"
"1"," NA"
"1"," NA"
"1"," NA"
"1"," NA"
"1"," NA"
"1"," NA"
"1"," NA"
"1"," NA"
"1"," NA"
"1"," NA"
"1"," NA"
"1"," NA"
"1"," NA"
"1"," NA"
"1"," NA"
"1"," NA"
"1"," NA"
"1"," NA"
"1"," NA"
"1"," NA"
"1"," NA"
"1"," NA"
"1"," NA"
"1"," NA"
"1"," NA"
"1"," NA"
"1","
"
"1","  [69]"
"1"," NA"
"1"," NA"
"1"," NA"
"1"," NA"
"1"," NA"
"1"," NA"
"1"," NA"
"1"," NA"
"1"," NA"
"1"," NA"
"1"," NA"
"1"," NA"
"1"," NA"
"1"," NA"
"1"," NA"
"1"," NA"
"1"," NA"
"1"," NA"
"1"," NA"
"1"," NA"
"1"," NA"
"1"," NA"
"1"," NA"
"1"," NA"
"1"," NA"
"1"," NA"
"1"," NA"
"1"," NA"
"1"," NA"
"1"," NA"
"1"," NA"
"1"," NA"
"1"," NA"
"1"," NA"
"1","
"
"1"," [103]"
"1"," NA"
"1"," NA"
"1"," NA"
"1"," NA"
"1"," NA"
"1"," NA"
"1"," NA"
"1"," NA"
"1"," NA"
"1"," NA"
"1"," NA"
"1"," NA"
"1"," NA"
"1"," NA"
"1"," NA"
"1"," NA"
"1"," NA"
"1"," NA"
"1"," NA"
"1"," NA"
"1"," NA"
"1"," NA"
"1"," NA"
"1"," NA"
"1"," NA"
"1"," NA"
"1"," NA"
"1"," NA"
"1"," NA"
"1"," NA"
"1"," NA"
"1"," NA"
"1"," NA"
"1"," NA"
"1","
"
"1"," [137]"
"1"," NA"
"1"," NA"
"1"," NA"
"1"," NA"
"1"," NA"
"1"," NA"
"1"," NA"
"1"," NA"
"1"," NA"
"1"," NA"
"1"," NA"
"1"," NA"
"1"," NA"
"1"," NA"
"1"," NA"
"1"," NA"
"1"," NA"
"1"," NA"
"1"," NA"
"1"," NA"
"1"," NA"
"1"," NA"
"1"," NA"
"1"," NA"
"1"," NA"
"1"," NA"
"1"," NA"
"1"," NA"
"1"," NA"
"1"," NA"
"1"," NA"
"1"," NA"
"1"," NA"
"1"," NA"
"1","
"
"1"," [171]"
"1"," NA"
"1"," NA"
"1"," NA"
"1"," NA"
"1"," NA"
"1"," NA"
"1"," NA"
"1"," NA"
"1"," NA"
"1"," NA"
"1"," NA"
"1"," NA"
"1"," NA"
"1"," NA"
"1"," NA"
"1"," NA"
"1"," NA"
"1"," NA"
"1"," NA"
"1"," NA"
"1"," NA"
"1"," NA"
"1"," NA"
"1"," NA"
"1"," NA"
"1"," NA"
"1"," NA"
"1"," NA"
"1"," NA"
"1"," NA"
"1"," NA"
"1"," NA"
"1"," NA"
"1"," NA"
"1","
"
"1"," [205]"
"1"," NA"
"1"," NA"
"1"," NA"
"1"," NA"
"1"," NA"
"1"," NA"
"1"," NA"
"1"," NA"
"1"," NA"
"1"," NA"
"1"," NA"
"1"," NA"
"1"," NA"
"1"," NA"
"1"," NA"
"1"," NA"
"1"," NA"
"1"," NA"
"1"," NA"
"1"," NA"
"1"," NA"
"1"," NA"
"1"," NA"
"1"," NA"
"1"," NA"
"1"," NA"
"1"," NA"
"1"," NA"
"1"," NA"
"1"," NA"
"1"," NA"
"1"," NA"
"1"," NA"
"1"," NA"
"1","
"
"1"," [239]"
"1"," NA"
"1"," NA"
"1"," NA"
"1"," NA"
"1"," NA"
"1"," NA"
"1"," NA"
"1"," NA"
"1"," NA"
"1"," NA"
"1"," NA"
"1"," NA"
"1"," NA"
"1"," NA"
"1"," NA"
"1"," NA"
"1"," NA"
"1"," NA"
"1"," NA"
"1"," NA"
"1"," NA"
"1"," NA"
"1"," NA"
"1"," NA"
"1"," NA"
"1"," NA"
"1"," NA"
"1"," NA"
"1"," NA"
"1"," NA"
"1"," NA"
"1"," NA"
"1"," NA"
"1"," NA"
"1","
"
"1"," [273]"
"1"," NA"
"1"," NA"
"1"," NA"
"1"," NA"
"1"," NA"
"1"," NA"
"1"," NA"
"1"," NA"
"1"," NA"
"1"," NA"
"1"," NA"
"1"," NA"
"1"," NA"
"1"," NA"
"1"," NA"
"1"," NA"
"1"," NA"
"1"," NA"
"1"," NA"
"1"," NA"
"1"," NA"
"1"," NA"
"1"," NA"
"1"," NA"
"1"," NA"
"1"," NA"
"1"," NA"
"1"," NA"
"1"," NA"
"1"," NA"
"1"," NA"
"1"," NA"
"1"," NA"
"1"," NA"
"1","
"
"1"," [307]"
"1"," NA"
"1"," NA"
"1"," NA"
"1"," NA"
"1"," NA"
"1"," NA"
"1"," NA"
"1"," NA"
"1"," NA"
"1"," NA"
"1"," NA"
"1"," NA"
"1"," NA"
"1"," NA"
"1"," NA"
"1"," NA"
"1"," NA"
"1"," NA"
"1"," NA"
"1"," NA"
"1"," NA"
"1"," NA"
"1"," NA"
"1"," NA"
"1"," NA"
"1"," NA"
"1"," NA"
"1"," NA"
"1"," NA"
"1"," NA"
"1"," NA"
"1"," NA"
"1"," NA"
"1"," NA"
"1","
"
"1"," [341]"
"1"," NA"
"1"," NA"
"1"," NA"
"1"," NA"
"1"," NA"
"1"," NA"
"1"," NA"
"1"," NA"
"1"," NA"
"1"," NA"
"1"," NA"
"1"," NA"
"1"," NA"
"1"," NA"
"1"," NA"
"1"," NA"
"1"," NA"
"1"," NA"
"1"," NA"
"1"," NA"
"1"," NA"
"1"," NA"
"1"," NA"
"1"," NA"
"1"," NA"
"1"," NA"
"1"," NA"
"1"," NA"
"1"," NA"
"1"," NA"
"1"," NA"
"1"," NA"
"1"," NA"
"1"," NA"
"1","
"
"1"," [375]"
"1"," NA"
"1"," NA"
"1"," NA"
"1"," NA"
"1"," NA"
"1"," NA"
"1"," NA"
"1"," NA"
"1"," NA"
"1"," NA"
"1"," NA"
"1"," NA"
"1"," NA"
"1"," NA"
"1"," NA"
"1"," NA"
"1"," NA"
"1"," NA"
"1"," NA"
"1"," NA"
"1"," NA"
"1"," NA"
"1"," NA"
"1"," NA"
"1"," NA"
"1"," NA"
"1"," NA"
"1"," NA"
"1"," NA"
"1"," NA"
"1"," NA"
"1"," NA"
"1"," NA"
"1"," NA"
"1","
"
"1"," [409]"
"1"," NA"
"1"," NA"
"1"," NA"
"1"," NA"
"1"," NA"
"1"," NA"
"1"," NA"
"1"," NA"
"1"," NA"
"1"," NA"
"1"," NA"
"1"," NA"
"1"," NA"
"1"," NA"
"1"," NA"
"1"," NA"
"1"," NA"
"1"," NA"
"1"," NA"
"1"," NA"
"1"," NA"
"1"," NA"
"1"," NA"
"1"," NA"
"1"," NA"
"1"," NA"
"1"," NA"
"1"," NA"
"1"," NA"
"1"," NA"
"1"," NA"
"1"," NA"
"1"," NA"
"1"," NA"
"1","
"
"1"," [443]"
"1"," NA"
"1"," NA"
"1"," NA"
"1"," NA"
"1"," NA"
"1"," NA"
"1"," NA"
"1"," NA"
"1"," NA"
"1"," NA"
"1"," NA"
"1"," NA"
"1"," NA"
"1"," NA"
"1"," NA"
"1"," NA"
"1"," NA"
"1"," NA"
"1"," NA"
"1"," NA"
"1"," NA"
"1"," NA"
"1"," NA"
"1"," NA"
"1"," NA"
"1"," NA"
"1"," NA"
"1"," NA"
"1"," NA"
"1"," NA"
"1"," NA"
"1"," NA"
"1"," NA"
"1"," NA"
"1","
"
"1"," [477]"
"1"," NA"
"1"," NA"
"1"," NA"
"1"," NA"
"1"," NA"
"1"," NA"
"1"," NA"
"1"," NA"
"1"," NA"
"1"," NA"
"1"," NA"
"1"," NA"
"1"," NA"
"1"," NA"
"1"," NA"
"1"," NA"
"1"," NA"
"1"," NA"
"1"," NA"
"1"," NA"
"1"," NA"
"1"," NA"
"1"," NA"
"1"," NA"
"1"," NA"
"1"," NA"
"1"," NA"
"1"," NA"
"1"," NA"
"1"," NA"
"1"," NA"
"1"," NA"
"1"," NA"
"1"," NA"
"1","
"
"1"," [511]"
"1"," NA"
"1"," NA"
"1"," NA"
"1"," NA"
"1"," NA"
"1"," NA"
"1"," NA"
"1"," NA"
"1"," NA"
"1"," NA"
"1"," NA"
"1"," NA"
"1"," NA"
"1"," NA"
"1"," NA"
"1"," NA"
"1"," NA"
"1"," NA"
"1"," NA"
"1"," NA"
"1"," NA"
"1"," NA"
"1"," NA"
"1"," NA"
"1"," NA"
"1"," NA"
"1"," NA"
"1"," NA"
"1"," NA"
"1"," NA"
"1"," NA"
"1"," NA"
"1"," NA"
"1"," NA"
"1","
"
"1"," [545]"
"1"," NA"
"1"," NA"
"1"," NA"
"1"," NA"
"1"," NA"
"1"," NA"
"1"," NA"
"1"," NA"
"1"," NA"
"1"," NA"
"1"," NA"
"1"," NA"
"1"," NA"
"1"," NA"
"1"," NA"
"1"," NA"
"1"," NA"
"1"," NA"
"1"," NA"
"1"," NA"
"1"," NA"
"1"," NA"
"1"," NA"
"1"," NA"
"1"," NA"
"1"," NA"
"1"," NA"
"1"," NA"
"1"," NA"
"1"," NA"
"1"," NA"
"1"," NA"
"1"," NA"
"1"," NA"
"1","
"
"1"," [579]"
"1"," NA"
"1"," NA"
"1"," NA"
"1"," NA"
"1"," NA"
"1"," NA"
"1"," NA"
"1"," NA"
"1"," NA"
"1"," NA"
"1"," NA"
"1"," NA"
"1"," NA"
"1"," NA"
"1"," NA"
"1"," NA"
"1"," NA"
"1"," NA"
"1"," NA"
"1"," NA"
"1"," NA"
"1"," NA"
"1"," NA"
"1"," NA"
"1"," NA"
"1"," NA"
"1"," NA"
"1"," NA"
"1"," NA"
"1"," NA"
"1"," NA"
"1"," NA"
"1"," NA"
"1"," NA"
"1","
"
"1"," [613]"
"1"," NA"
"1"," NA"
"1"," NA"
"1"," NA"
"1"," NA"
"1"," NA"
"1"," NA"
"1"," NA"
"1"," NA"
"1"," NA"
"1"," NA"
"1"," NA"
"1"," NA"
"1"," NA"
"1"," NA"
"1"," NA"
"1"," NA"
"1"," NA"
"1"," NA"
"1"," NA"
"1"," NA"
"1"," NA"
"1"," NA"
"1"," NA"
"1"," NA"
"1"," NA"
"1"," NA"
"1"," NA"
"1"," NA"
"1"," NA"
"1"," NA"
"1"," NA"
"1"," NA"
"1"," NA"
"1","
"
"1"," [647]"
"1"," NA"
"1"," NA"
"1"," NA"
"1"," NA"
"1"," NA"
"1"," NA"
"1"," NA"
"1"," NA"
"1"," NA"
"1"," NA"
"1"," NA"
"1"," NA"
"1"," NA"
"1"," NA"
"1"," NA"
"1"," NA"
"1"," NA"
"1"," NA"
"1"," NA"
"1"," NA"
"1"," NA"
"1"," NA"
"1"," NA"
"1"," NA"
"1"," NA"
"1"," NA"
"1"," NA"
"1"," NA"
"1"," NA"
"1"," NA"
"1"," NA"
"1"," NA"
"1"," NA"
"1"," NA"
"1","
"
"1"," [681]"
"1"," NA"
"1"," NA"
"1"," NA"
"1"," NA"
"1"," NA"
"1"," NA"
"1"," NA"
"1"," NA"
"1"," NA"
"1"," NA"
"1"," NA"
"1"," NA"
"1"," NA"
"1"," NA"
"1"," NA"
"1"," NA"
"1"," NA"
"1"," NA"
"1"," NA"
"1"," NA"
"1"," NA"
"1"," NA"
"1"," NA"
"1"," NA"
"1"," NA"
"1"," NA"
"1"," NA"
"1"," NA"
"1"," NA"
"1"," NA"
"1"," NA"
"1"," NA"
"1"," NA"
"1"," NA"
"1","
"
"1"," [715]"
"1"," NA"
"1"," NA"
"1"," NA"
"1"," NA"
"1"," NA"
"1"," NA"
"1"," NA"
"1"," NA"
"1"," NA"
"1"," NA"
"1"," NA"
"1"," NA"
"1"," NA"
"1"," NA"
"1"," NA"
"1"," NA"
"1"," NA"
"1"," NA"
"1"," NA"
"1"," NA"
"1"," NA"
"1"," NA"
"1"," NA"
"1"," NA"
"1"," NA"
"1"," NA"
"1"," NA"
"1"," NA"
"1"," NA"
"1"," NA"
"1"," NA"
"1"," NA"
"1"," NA"
"1"," NA"
"1","
"
"1"," [749]"
"1"," NA"
"1"," NA"
"1"," NA"
"1"," NA"
"1"," NA"
"1"," NA"
"1"," NA"
"1"," NA"
"1"," NA"
"1"," NA"
"1"," NA"
"1"," NA"
"1"," NA"
"1"," NA"
"1"," NA"
"1"," NA"
"1"," NA"
"1"," NA"
"1"," NA"
"1"," NA"
"1"," NA"
"1"," NA"
"1"," NA"
"1"," NA"
"1"," NA"
"1"," NA"
"1"," NA"
"1"," NA"
"1"," NA"
"1"," NA"
"1"," NA"
"1"," NA"
"1"," NA"
"1"," NA"
"1","
"
"1"," [783]"
"1"," NA"
"1"," NA"
"1"," NA"
"1"," NA"
"1"," NA"
"1"," NA"
"1"," NA"
"1"," NA"
"1"," NA"
"1"," NA"
"1"," NA"
"1"," NA"
"1"," NA"
"1"," NA"
"1"," NA"
"1"," NA"
"1"," NA"
"1"," NA"
"1"," NA"
"1"," NA"
"1"," NA"
"1"," NA"
"1"," NA"
"1"," NA"
"1"," NA"
"1"," NA"
"1"," NA"
"1"," NA"
"1"," NA"
"1"," NA"
"1"," NA"
"1"," NA"
"1"," NA"
"1"," NA"
"1","
"
"1"," [817]"
"1"," NA"
"1"," NA"
"1"," NA"
"1"," NA"
"1"," NA"
"1"," NA"
"1"," NA"
"1"," NA"
"1"," NA"
"1"," NA"
"1"," NA"
"1"," NA"
"1"," NA"
"1"," NA"
"1"," NA"
"1"," NA"
"1"," NA"
"1"," NA"
"1"," NA"
"1"," NA"
"1"," NA"
"1"," NA"
"1"," NA"
"1"," NA"
"1"," NA"
"1"," NA"
"1"," NA"
"1"," NA"
"1"," NA"
"1"," NA"
"1"," NA"
"1"," NA"
"1"," NA"
"1"," NA"
"1","
"
"1"," [851]"
"1"," NA"
"1"," NA"
"1"," NA"
"1"," NA"
"1"," NA"
"1"," NA"
"1"," NA"
"1"," NA"
"1"," NA"
"1"," NA"
"1"," NA"
"1"," NA"
"1"," NA"
"1"," NA"
"1"," NA"
"1"," NA"
"1"," NA"
"1"," NA"
"1"," NA"
"1"," NA"
"1"," NA"
"1"," NA"
"1"," NA"
"1"," NA"
"1"," NA"
"1"," NA"
"1"," NA"
"1"," NA"
"1"," NA"
"1"," NA"
"1"," NA"
"1"," NA"
"1"," NA"
"1"," NA"
"1","
"
"1"," [885]"
"1"," NA"
"1"," NA"
"1"," NA"
"1"," NA"
"1"," NA"
"1"," NA"
"1"," NA"
"1"," NA"
"1"," NA"
"1"," NA"
"1"," NA"
"1"," NA"
"1"," NA"
"1"," NA"
"1"," NA"
"1"," NA"
"1"," NA"
"1"," NA"
"1"," NA"
"1"," NA"
"1"," NA"
"1"," NA"
"1"," NA"
"1"," NA"
"1"," NA"
"1"," NA"
"1"," NA"
"1"," NA"
"1"," NA"
"1"," NA"
"1"," NA"
"1"," NA"
"1"," NA"
"1"," NA"
"1","
"
"1"," [919]"
"1"," NA"
"1"," NA"
"1"," NA"
"1"," NA"
"1"," NA"
"1"," NA"
"1"," NA"
"1"," NA"
"1"," NA"
"1"," NA"
"1"," NA"
"1"," NA"
"1"," NA"
"1"," NA"
"1"," NA"
"1"," NA"
"1"," NA"
"1"," NA"
"1"," NA"
"1"," NA"
"1"," NA"
"1"," NA"
"1"," NA"
"1"," NA"
"1"," NA"
"1"," NA"
"1"," NA"
"1"," NA"
"1"," NA"
"1"," NA"
"1"," NA"
"1"," NA"
"1"," NA"
"1"," NA"
"1","
"
"1"," [953]"
"1"," NA"
"1"," NA"
"1"," NA"
"1"," NA"
"1"," NA"
"1"," NA"
"1"," NA"
"1"," NA"
"1"," NA"
"1"," NA"
"1"," NA"
"1"," NA"
"1"," NA"
"1"," NA"
"1"," NA"
"1"," NA"
"1"," NA"
"1"," NA"
"1"," NA"
"1"," NA"
"1"," NA"
"1"," NA"
"1"," NA"
"1"," NA"
"1"," NA"
"1"," NA"
"1"," NA"
"1"," NA"
"1"," NA"
"1"," NA"
"1"," NA"
"1"," NA"
"1"," NA"
"1"," NA"
"1","
"
"1"," [987]"
"1"," NA"
"1"," NA"
"1"," NA"
"1"," NA"
"1"," NA"
"1"," NA"
"1"," NA"
"1"," NA"
"1"," NA"
"1"," NA"
"1"," NA"
"1"," NA"
"1"," NA"
"1"," NA"
"1","
"
"1"," [ reached getOption(""max.print"") -- omitted 1859 entries ]
"
"0","names(df) = c(""pohlaví"", ""věk"", ""vzdělání"", ""zaměstnání hlavy rodiny"", ""velikost domácnosti"", ""počet dětí nad 18 let"", ""měsiční příjem domácnosti"", ""velikost místa bydliště"", ""měsíční příjem na osobu v domácnosti"", ""příjmy naší rodiny rostou pomaleji než ceny potravin"", ""stravujete se celkově zdravěji"", ""omezujete kalorickou hodnotu stravy"", ""vybíráte si kvalitnější druhy potravin"", ""omezujete spotřebu tuku"", ""na jidle nešetřím, šetřím jinde"")"
